sale_id,product_id,date,quantity_sold,total_revenue,discount
S00001,P0481,01-01-2023,17,8227,29
S00002,P0786,02-01-2023,12,400,26
S00003,P0265,03-01-2023,17,1199,27
S00004,P0265,04-01-2023,17,6409,20
S00005,P0391,05-01-2023,3,8104,7
S00006,P0429,06-01-2023,10,9767,8
S00007,P0142,07-01-2023,4,5492,22
S00008,P0997,08-01-2023,1,6985,1
S00009,P0474,09-01-2023,4,8226,18
S00010,P0428,10-01-2023,7,1882,10
S00011,P0754,11-01-2023,9,1897,11
S00012,P0587,12-01-2023,16,2343,20
S00013,P0922,13-01-2023,9,5674,15
S00014,P0236,14-01-2023,2,2206,17
S00015,P0947,15-01-2023,8,2615,21
S00016,P0750,16-01-2023,19,6941,19
S00017,P0994,17-01-2023,2,2111,26
S00018,P0968,18-01-2023,5,5380,15
S00019,P0299,19-01-2023,5,2629,5
S00020,P0428,20-01-2023,1,3031,8
S00021,P0481,21-01-2023,9,3436,18
S00022,P0794,22-01-2023,1,5625,28
S00023,P0456,23-01-2023,3,7345,29
S00024,P0774,24-01-2023,19,2853,12
S00025,P0352,25-01-2023,19,856,23
S00026,P0313,26-01-2023,6,6778,4
S00027,P0661,27-01-2023,15,6358,30
S00028,P0596,28-01-2023,18,8630,17
S00029,P0348,29-01-2023,10,8085,1
S00030,P0493,30-01-2023,13,2522,19
S00031,P0257,31-01-2023,17,5687,24
S00032,P0479,01-02-2023,8,7982,8
S00033,P0248,02-02-2023,11,4765,11
S00034,P0182,03-02-2023,3,4417,14
S00035,P0144,04-02-2023,10,9930,0
S00036,P0009,05-02-2023,11,8585,21
S00037,P0318,06-02-2023,1,1115,26
S00038,P0476,07-02-2023,14,5051,25
S00039,P0159,08-02-2023,8,4129,26
S00040,P0611,09-02-2023,15,1321,12
S00041,P0302,10-02-2023,8,6238,19
S00042,P0479,11-02-2023,8,4695,24
S00043,P0657,12-02-2023,18,4631,22
S00044,P0308,13-02-2023,12,2816,15
S00045,P0524,14-02-2023,5,7345,4
S00046,P0862,15-02-2023,19,9292,11
S00047,P0562,16-02-2023,18,8904,24
S00048,P0748,17-02-2023,17,9420,16
S00049,P0420,18-02-2023,1,1218,4
S00050,P0184,19-02-2023,4,2299,1
S00051,P0864,20-02-2023,14,7584,27
S00052,P0645,21-02-2023,12,3445,28
S00053,P0705,22-02-2023,2,8778,9
S00054,P0524,23-02-2023,5,1990,20
S00055,P0002,24-02-2023,1,9055,0
S00056,P0369,25-02-2023,9,8626,1
S00057,P0815,26-02-2023,18,5624,18
S00058,P0034,27-02-2023,8,2658,3
S00059,P0642,28-02-2023,7,8122,21
S00060,P0214,01-03-2023,2,2039,28
S00061,P0223,02-03-2023,15,6038,14
S00062,P0296,03-03-2023,16,3975,27
S00063,P0268,04-03-2023,12,9161,13
S00064,P0419,05-03-2023,9,6504,20
S00065,P0522,06-03-2023,12,6308,23
S00066,P0023,07-03-2023,3,5366,12
S00067,P0279,08-03-2023,9,242,10
S00068,P0992,09-03-2023,17,1046,14
S00069,P0476,10-03-2023,4,3689,23
S00070,P0488,11-03-2023,10,864,2
S00071,P0756,12-03-2023,10,8274,16
S00072,P0991,13-03-2023,17,8619,6
S00073,P0593,14-03-2023,7,7330,28
S00074,P0110,15-03-2023,10,7564,10
S00075,P0739,16-03-2023,2,2771,17
S00076,P0866,17-03-2023,3,6664,25
S00077,P0877,18-03-2023,1,5755,5
S00078,P0298,19-03-2023,5,8847,12
S00079,P0762,20-03-2023,7,2863,30
S00080,P0667,21-03-2023,3,1595,5
S00081,P0445,22-03-2023,10,6058,11
S00082,P0597,23-03-2023,2,2300,4
S00083,P0480,24-03-2023,14,5744,18
S00084,P0441,25-03-2023,13,6525,9
S00085,P0581,26-03-2023,14,1680,23
S00086,P0808,27-03-2023,16,9179,8
S00087,P0992,28-03-2023,9,213,24
S00088,P0890,29-03-2023,12,9972,7
S00089,P0228,30-03-2023,3,1010,20
S00090,P0413,31-03-2023,3,9375,8
S00091,P0317,01-04-2023,16,735,13
S00092,P0445,02-04-2023,16,2986,6
S00093,P0227,03-04-2023,17,1520,6
S00094,P0844,04-04-2023,12,6048,9
S00095,P0752,05-04-2023,2,2426,22
S00096,P0459,06-04-2023,4,3773,10
S00097,P0735,07-04-2023,7,3994,28
S00098,P0504,08-04-2023,11,3563,0
S00099,P0086,09-04-2023,15,7263,4
S00100,P0127,10-04-2023,10,3886,29
S00101,P0440,11-04-2023,2,7666,22
S00102,P0869,12-04-2023,15,2922,28
S00103,P0024,13-04-2023,7,4630,8
S00104,P0210,14-04-2023,11,8148,15
S00105,P0891,15-04-2023,6,529,12
S00106,P0319,16-04-2023,11,4394,2
S00107,P0522,17-04-2023,3,4343,15
S00108,P0914,18-04-2023,10,5808,29
S00109,P0011,19-04-2023,7,5855,1
S00110,P0422,20-04-2023,7,797,14
S00111,P0023,21-04-2023,16,1125,11
S00112,P0630,22-04-2023,19,8812,19
S00113,P0822,23-04-2023,13,945,2
S00114,P0313,24-04-2023,19,8766,14
S00115,P0468,25-04-2023,1,8283,25
S00116,P0085,26-04-2023,5,1499,9
S00117,P0009,27-04-2023,3,175,21
S00118,P0609,28-04-2023,19,6018,10
S00119,P0302,29-04-2023,4,2718,6
S00120,P0605,30-04-2023,3,1141,17
S00121,P0868,01-05-2023,9,4177,26
S00122,P0603,02-05-2023,4,7523,1
S00123,P0961,03-05-2023,12,8948,27
S00124,P0865,04-05-2023,15,800,19
S00125,P0090,05-05-2023,8,4738,22
S00126,P0138,06-05-2023,17,8225,15
S00127,P0585,07-05-2023,19,9895,27
S00128,P0696,08-05-2023,15,7726,1
S00129,P0136,09-05-2023,11,183,18
S00130,P0641,10-05-2023,6,3591,16
S00131,P0132,11-05-2023,7,6189,22
S00132,P0445,12-05-2023,15,9337,18
S00133,P0617,13-05-2023,19,1791,28
S00134,P0719,14-05-2023,19,877,2
S00135,P0962,15-05-2023,10,4460,20
S00136,P0582,16-05-2023,2,1286,21
S00137,P0769,17-05-2023,17,7316,25
S00138,P0257,18-05-2023,13,8871,21
S00139,P0390,19-05-2023,3,9924,29
S00140,P0675,20-05-2023,14,9127,4
S00141,P0558,21-05-2023,15,7822,25
S00142,P0091,22-05-2023,9,8000,26
S00143,P0542,23-05-2023,2,2355,0
S00144,P0574,24-05-2023,12,6134,22
S00145,P0257,25-05-2023,3,4721,1
S00146,P0596,26-05-2023,16,328,9
S00147,P0334,27-05-2023,5,9965,3
S00148,P0101,28-05-2023,17,5763,2
S00149,P0238,29-05-2023,16,2338,6
S00150,P0211,30-05-2023,12,8370,3
S00151,P0066,31-05-2023,17,7992,25
S00152,P0572,01-06-2023,11,9010,18
S00153,P0635,02-06-2023,1,1208,20
S00154,P0716,03-06-2023,18,4190,3
S00155,P0886,04-06-2023,5,3540,15
S00156,P0592,05-06-2023,17,2392,12
S00157,P0154,06-06-2023,18,9549,22
S00158,P0831,07-06-2023,2,7064,17
S00159,P0140,08-06-2023,10,4768,21
S00160,P0111,09-06-2023,18,9564,3
S00161,P0565,10-06-2023,16,2705,17
S00162,P0915,11-06-2023,18,5143,7
S00163,P0722,12-06-2023,14,8096,12
S00164,P0521,13-06-2023,14,2704,25
S00165,P0019,14-06-2023,17,7788,13
S00166,P0516,15-06-2023,4,2025,29
S00167,P0338,16-06-2023,18,9519,9
S00168,P0456,17-06-2023,3,6883,20
S00169,P0705,18-06-2023,5,2411,8
S00170,P0836,19-06-2023,18,8265,14
S00171,P0866,20-06-2023,4,6786,26
S00172,P0332,21-06-2023,17,731,8
S00173,P0836,22-06-2023,2,7541,11
S00174,P0469,23-06-2023,9,9622,21
S00175,P0068,24-06-2023,9,7722,14
S00176,P0694,25-06-2023,12,9601,27
S00177,P0249,26-06-2023,5,274,6
S00178,P0215,27-06-2023,19,1668,4
S00179,P0544,28-06-2023,2,4442,25
S00180,P0529,29-06-2023,2,5959,18
S00181,P0101,30-06-2023,4,9227,3
S00182,P0503,01-07-2023,7,4853,7
S00183,P0179,02-07-2023,10,7194,17
S00184,P0183,03-07-2023,14,8597,22
S00185,P0139,04-07-2023,12,3940,23
S00186,P0333,05-07-2023,15,1841,27
S00187,P0137,06-07-2023,2,2525,22
S00188,P0795,07-07-2023,7,4485,25
S00189,P0545,08-07-2023,7,1907,22
S00190,P0721,09-07-2023,17,9431,1
S00191,P0569,10-07-2023,7,6382,9
S00192,P0594,11-07-2023,11,3716,25
S00193,P0486,12-07-2023,7,9219,12
S00194,P0414,13-07-2023,9,8555,12
S00195,P0319,14-07-2023,15,6613,30
S00196,P0911,15-07-2023,5,8123,20
S00197,P0161,16-07-2023,5,9741,13
S00198,P0063,17-07-2023,4,2499,16
S00199,P0864,18-07-2023,15,4242,18
S00200,P0265,19-07-2023,13,866,14
S00201,P0455,20-07-2023,7,4964,18
S00202,P0005,21-07-2023,18,9663,18
S00203,P0551,22-07-2023,14,9769,26
S00204,P0807,23-07-2023,10,9096,29
S00205,P0990,24-07-2023,10,3306,10
S00206,P0271,25-07-2023,1,9473,0
S00207,P0883,26-07-2023,7,3754,11
S00208,P0078,27-07-2023,13,9768,22
S00209,P0596,28-07-2023,6,2225,12
S00210,P0433,29-07-2023,12,4346,20
S00211,P0006,30-07-2023,4,5989,5
S00212,P0982,31-07-2023,4,756,0
S00213,P0244,01-08-2023,15,410,19
S00214,P0773,02-08-2023,17,6013,10
S00215,P0942,03-08-2023,17,9565,24
S00216,P0291,04-08-2023,8,5612,8
S00217,P0635,05-08-2023,19,5653,8
S00218,P0866,06-08-2023,2,3517,1
S00219,P0645,07-08-2023,7,2169,7
S00220,P0341,08-08-2023,4,9064,3
S00221,P0244,09-08-2023,3,5930,16
S00222,P0290,10-08-2023,10,768,24
S00223,P0506,11-08-2023,2,3883,11
S00224,P0274,12-08-2023,3,9758,17
S00225,P0311,13-08-2023,11,9563,10
S00226,P0068,14-08-2023,14,764,16
S00227,P0977,15-08-2023,19,5357,10
S00228,P0177,16-08-2023,3,5828,27
S00229,P0238,17-08-2023,15,9587,1
S00230,P0552,18-08-2023,12,5995,5
S00231,P0662,19-08-2023,10,821,8
S00232,P0246,20-08-2023,17,9311,4
S00233,P0756,21-08-2023,7,9145,27
S00234,P0026,22-08-2023,14,7891,16
S00235,P0977,23-08-2023,18,5186,1
S00236,P0876,24-08-2023,4,8108,16
S00237,P0421,25-08-2023,8,3908,27
S00238,P0964,26-08-2023,8,7522,20
S00239,P0317,27-08-2023,15,3175,0
S00240,P0948,28-08-2023,6,693,5
S00241,P0462,29-08-2023,12,3486,20
S00242,P0746,30-08-2023,12,5459,28
S00243,P0851,31-08-2023,18,9393,8
S00244,P0199,01-09-2023,19,8979,14
S00245,P0932,02-09-2023,9,5177,25
S00246,P0201,03-09-2023,5,2029,21
S00247,P0971,04-09-2023,11,8649,19
S00248,P0640,05-09-2023,13,5383,14
S00249,P0162,06-09-2023,3,8818,17
S00250,P0278,07-09-2023,15,264,22
S00251,P0065,08-09-2023,5,896,10
S00252,P0015,09-09-2023,17,1812,21
S00253,P0175,10-09-2023,9,5916,29
S00254,P0346,11-09-2023,7,154,21
S00255,P0353,12-09-2023,13,9597,26
S00256,P0562,13-09-2023,17,4927,10
S00257,P0005,14-09-2023,14,2950,10
S00258,P0589,15-09-2023,19,9436,28
S00259,P0464,16-09-2023,12,2261,3
S00260,P0040,17-09-2023,1,8478,17
S00261,P0272,18-09-2023,5,8416,3
S00262,P0446,19-09-2023,12,2925,10
S00263,P0386,20-09-2023,9,7876,24
S00264,P0529,21-09-2023,14,1111,24
S00265,P0400,22-09-2023,13,132,9
S00266,P0407,23-09-2023,2,5074,22
S00267,P0911,24-09-2023,18,1904,14
S00268,P0160,25-09-2023,9,5772,16
S00269,P0376,26-09-2023,13,3727,27
S00270,P0583,27-09-2023,14,6069,13
S00271,P0787,28-09-2023,3,3725,27
S00272,P0923,29-09-2023,15,7148,19
S00273,P0162,30-09-2023,14,6322,11
S00274,P0697,01-10-2023,4,1083,27
S00275,P0859,02-10-2023,3,1119,23
S00276,P0324,03-10-2023,14,8017,17
S00277,P0350,04-10-2023,18,1894,26
S00278,P0903,05-10-2023,12,7275,18
S00279,P0463,06-10-2023,14,425,26
S00280,P0193,07-10-2023,3,8593,27
S00281,P0637,08-10-2023,14,2570,12
S00282,P0489,09-10-2023,10,2344,2
S00283,P0439,10-10-2023,16,5085,25
S00284,P0058,11-10-2023,8,4441,14
S00285,P0705,12-10-2023,15,1901,2
S00286,P0487,13-10-2023,11,6341,10
S00287,P0188,14-10-2023,2,3003,29
S00288,P0291,15-10-2023,18,8410,28
S00289,P0277,16-10-2023,12,2597,14
S00290,P0737,17-10-2023,15,2911,13
S00291,P0925,18-10-2023,2,8273,18
S00292,P0701,19-10-2023,3,8593,13
S00293,P0082,20-10-2023,4,7816,7
S00294,P0404,21-10-2023,17,2072,1
S00295,P0671,22-10-2023,5,1727,25
S00296,P0289,23-10-2023,5,8950,19
S00297,P0526,24-10-2023,6,5184,16
S00298,P0262,25-10-2023,11,885,29
S00299,P0461,26-10-2023,12,7842,20
S00300,P0777,27-10-2023,13,3686,6
S00301,P0579,28-10-2023,6,4678,20
S00302,P0021,29-10-2023,9,2072,27
S00303,P0111,30-10-2023,8,4022,1
S00304,P0665,31-10-2023,7,9370,9
S00305,P0812,01-11-2023,18,3036,25
S00306,P0973,02-11-2023,16,673,28
S00307,P0881,03-11-2023,10,4001,29
S00308,P0854,04-11-2023,17,9855,24
S00309,P0531,05-11-2023,13,8968,21
S00310,P0931,06-11-2023,17,6151,14
S00311,P0206,07-11-2023,2,2100,4
S00312,P0422,08-11-2023,6,149,3
S00313,P0091,09-11-2023,5,9334,14
S00314,P0312,10-11-2023,1,447,9
S00315,P0029,11-11-2023,14,329,12
S00316,P0336,12-11-2023,11,2271,23
S00317,P0334,13-11-2023,4,4445,24
S00318,P0926,14-11-2023,14,2990,19
S00319,P0926,15-11-2023,16,5285,8
S00320,P0930,16-11-2023,15,5694,23
S00321,P0360,17-11-2023,7,7779,24
S00322,P0438,18-11-2023,18,4104,9
S00323,P0350,19-11-2023,12,8062,3
S00324,P0151,20-11-2023,16,7949,20
S00325,P0083,21-11-2023,4,7806,10
S00326,P0482,22-11-2023,2,7479,9
S00327,P0343,23-11-2023,16,5797,17
S00328,P0538,24-11-2023,13,1289,21
S00329,P0543,25-11-2023,10,104,1
S00330,P0493,26-11-2023,15,7130,12
S00331,P0527,27-11-2023,9,9362,19
S00332,P0038,28-11-2023,7,5251,3
S00333,P0800,29-11-2023,12,5112,26
S00334,P0342,30-11-2023,17,7722,22
S00335,P0499,01-12-2023,10,9782,24
S00336,P0255,02-12-2023,16,1494,5
S00337,P0436,03-12-2023,9,7851,5
S00338,P0765,04-12-2023,2,6570,15
S00339,P0054,05-12-2023,8,5446,2
S00340,P0417,06-12-2023,7,5655,1
S00341,P0223,07-12-2023,10,1875,16
S00342,P0875,08-12-2023,1,1320,21
S00343,P0285,09-12-2023,9,6126,14
S00344,P0249,10-12-2023,15,3415,30
S00345,P0739,11-12-2023,16,3750,6
S00346,P0286,12-12-2023,2,3154,23
S00347,P0640,13-12-2023,11,9179,7
S00348,P0367,14-12-2023,13,7377,19
S00349,P0923,15-12-2023,10,3921,8
S00350,P0210,16-12-2023,14,2252,12
S00351,P0597,17-12-2023,14,6135,26
S00352,P0786,18-12-2023,7,4311,11
S00353,P0985,19-12-2023,18,4803,25
S00354,P0977,20-12-2023,3,8643,11
S00355,P0257,21-12-2023,5,5327,21
S00356,P0643,22-12-2023,19,6411,7
S00357,P0729,23-12-2023,17,1695,29
S00358,P0879,24-12-2023,3,4183,5
S00359,P0101,25-12-2023,16,4885,22
S00360,P0428,26-12-2023,14,8181,24
S00361,P0164,27-12-2023,4,4337,18
S00362,P0875,28-12-2023,13,2154,11
S00363,P0784,29-12-2023,17,4921,14
S00364,P0123,30-12-2023,17,7710,4
S00365,P0120,31-12-2023,7,6348,16
S00366,P0566,01-01-2024,5,8825,16
S00367,P0140,02-01-2024,14,2585,23
S00368,P0160,03-01-2024,14,6267,19
S00369,P0859,04-01-2024,7,4097,12
S00370,P0990,05-01-2024,18,3644,1
S00371,P0941,06-01-2024,9,6402,10
S00372,P0455,07-01-2024,17,3833,17
S00373,P0377,08-01-2024,6,8511,0
S00374,P0603,09-01-2024,1,4981,9
S00375,P0432,10-01-2024,18,8498,29
S00376,P0770,11-01-2024,9,9578,2
S00377,P0062,12-01-2024,14,3780,24
S00378,P0670,13-01-2024,4,4181,30
S00379,P0393,14-01-2024,8,8087,8
S00380,P0012,15-01-2024,9,2279,14
S00381,P0424,16-01-2024,17,9221,25
S00382,P0512,17-01-2024,3,8553,1
S00383,P0847,18-01-2024,15,2184,25
S00384,P0019,19-01-2024,10,2358,17
S00385,P0553,20-01-2024,13,1853,28
S00386,P0218,21-01-2024,12,1037,9
S00387,P0757,22-01-2024,2,9905,4
S00388,P0031,23-01-2024,5,538,1
S00389,P0248,24-01-2024,8,8650,29
S00390,P0402,25-01-2024,2,345,2
S00391,P0300,26-01-2024,9,3071,7
S00392,P0539,27-01-2024,1,3342,7
S00393,P0047,28-01-2024,17,1610,29
S00394,P0430,29-01-2024,14,5996,28
S00395,P0961,30-01-2024,9,8080,30
S00396,P0090,31-01-2024,2,7110,23
S00397,P0481,01-02-2024,5,6984,18
S00398,P0778,02-02-2024,12,3697,12
S00399,P0838,03-02-2024,4,184,27
S00400,P0129,04-02-2024,1,5413,6
S00401,P0853,05-02-2024,14,5056,14
S00402,P0652,06-02-2024,18,5899,17
S00403,P0170,07-02-2024,18,9587,1
S00404,P0403,08-02-2024,6,4649,11
S00405,P0200,09-02-2024,1,7472,25
S00406,P0676,10-02-2024,16,8125,28
S00407,P0305,11-02-2024,9,3655,24
S00408,P0374,12-02-2024,13,8944,2
S00409,P0767,13-02-2024,18,5138,19
S00410,P0792,14-02-2024,2,6411,16
S00411,P0499,15-02-2024,17,3729,20
S00412,P0438,16-02-2024,10,1746,28
S00413,P0914,17-02-2024,13,1769,0
S00414,P0736,18-02-2024,19,835,6
S00415,P0902,19-02-2024,1,2153,29
S00416,P0771,20-02-2024,14,1405,24
S00417,P0160,21-02-2024,16,1858,7
S00418,P0775,22-02-2024,11,5624,14
S00419,P0100,23-02-2024,7,1894,23
S00420,P0784,24-02-2024,1,8339,13
S00421,P0995,25-02-2024,12,549,3
S00422,P0566,26-02-2024,12,4196,24
S00423,P0887,27-02-2024,5,1909,18
S00424,P0239,28-02-2024,9,2674,7
S00425,P0466,29-02-2024,13,7872,9
S00426,P0435,01-03-2024,11,6225,15
S00427,P0438,02-03-2024,15,6779,13
S00428,P0747,03-03-2024,3,1255,30
S00429,P0294,04-03-2024,9,6528,1
S00430,P0358,05-03-2024,5,5106,22
S00431,P0181,06-03-2024,10,959,7
S00432,P0402,07-03-2024,5,7217,22
S00433,P0020,08-03-2024,10,2740,6
S00434,P0769,09-03-2024,18,5149,4
S00435,P0018,10-03-2024,2,5589,14
S00436,P0872,11-03-2024,3,643,21
S00437,P0400,12-03-2024,4,6655,1
S00438,P0437,13-03-2024,14,4209,17
S00439,P0167,14-03-2024,11,5078,20
S00440,P1000,15-03-2024,10,8972,27
S00441,P0247,16-03-2024,9,5172,18
S00442,P0088,17-03-2024,5,8731,17
S00443,P0707,18-03-2024,18,3522,0
S00444,P0325,19-03-2024,3,9066,25
S00445,P0785,20-03-2024,3,5226,14
S00446,P0374,21-03-2024,9,7769,18
S00447,P0039,22-03-2024,2,3531,24
S00448,P0407,23-03-2024,10,5319,6
S00449,P0876,24-03-2024,4,3069,4
S00450,P0573,25-03-2024,11,2964,16
S00451,P0178,26-03-2024,19,7088,20
S00452,P0926,27-03-2024,12,860,7
S00453,P0198,28-03-2024,3,3674,22
S00454,P0321,29-03-2024,14,7052,19
S00455,P0972,30-03-2024,12,9108,18
S00456,P0924,31-03-2024,15,7502,9
S00457,P0122,01-04-2024,1,5440,9
S00458,P0803,02-04-2024,15,4251,16
S00459,P0498,03-04-2024,17,4445,2
S00460,P0930,04-04-2024,6,8276,24
S00461,P0015,05-04-2024,13,7908,15
S00462,P0754,06-04-2024,18,1035,7
S00463,P0655,07-04-2024,19,4926,15
S00464,P0111,08-04-2024,2,2228,13
S00465,P0353,09-04-2024,13,6688,13
S00466,P0265,10-04-2024,10,4837,15
S00467,P0091,11-04-2024,16,319,25
S00468,P0367,12-04-2024,8,123,28
S00469,P0094,13-04-2024,3,2984,10
S00470,P0285,14-04-2024,6,9648,1
S00471,P0098,15-04-2024,13,3608,29
S00472,P0324,16-04-2024,7,6888,1
S00473,P0017,17-04-2024,8,3170,23
S00474,P0992,18-04-2024,17,6557,10
S00475,P0117,19-04-2024,3,3451,25
S00476,P0845,20-04-2024,4,7383,6
S00477,P0650,21-04-2024,14,2753,15
S00478,P0310,22-04-2024,14,6796,2
S00479,P0205,23-04-2024,3,341,28
S00480,P0401,24-04-2024,5,9397,7
S00481,P0536,25-04-2024,2,5801,28
S00482,P0296,26-04-2024,3,9921,10
S00483,P0037,27-04-2024,9,8668,23
S00484,P0765,28-04-2024,12,7927,28
S00485,P0117,29-04-2024,18,7742,15
S00486,P0094,30-04-2024,13,964,7
S00487,P0966,01-05-2024,6,7031,7
S00488,P0989,02-05-2024,12,6996,9
S00489,P0010,03-05-2024,13,196,7
S00490,P0292,04-05-2024,14,7937,9
S00491,P0171,05-05-2024,5,6464,20
S00492,P0525,06-05-2024,13,3560,4
S00493,P0251,07-05-2024,11,9814,0
S00494,P0833,08-05-2024,2,829,19
S00495,P0098,09-05-2024,8,918,26
S00496,P0317,10-05-2024,9,6177,17
S00497,P0839,11-05-2024,13,6416,3
S00498,P0990,12-05-2024,11,4197,14
S00499,P0178,13-05-2024,18,1929,18
S00500,P0743,14-05-2024,8,9532,26
S00501,P0077,15-05-2024,10,1096,14
S00502,P0060,16-05-2024,8,888,5
S00503,P0988,17-05-2024,7,3532,16
S00504,P0702,18-05-2024,6,9704,6
S00505,P0466,19-05-2024,14,4736,21
S00506,P0752,20-05-2024,11,790,2
S00507,P0678,21-05-2024,6,6980,5
S00508,P0245,22-05-2024,1,5783,29
S00509,P0857,23-05-2024,12,938,13
S00510,P0716,24-05-2024,4,5170,25
S00511,P0051,25-05-2024,4,1785,20
S00512,P0990,26-05-2024,7,9740,29
S00513,P0793,27-05-2024,7,2852,1
S00514,P0691,28-05-2024,12,6542,5
S00515,P0455,29-05-2024,11,6064,4
S00516,P0610,30-05-2024,12,6921,26
S00517,P0465,31-05-2024,18,942,16
S00518,P0065,01-06-2024,11,1243,21
S00519,P0757,02-06-2024,4,4698,28
S00520,P0944,03-06-2024,16,1217,6
S00521,P0847,04-06-2024,14,5838,19
S00522,P0472,05-06-2024,8,8732,24
S00523,P0739,06-06-2024,1,1597,25
S00524,P0741,07-06-2024,13,958,14
S00525,P0452,08-06-2024,13,7246,28
S00526,P0948,09-06-2024,18,6509,3
S00527,P0702,10-06-2024,14,5237,22
S00528,P0058,11-06-2024,8,105,15
S00529,P0626,12-06-2024,16,5781,14
S00530,P0912,13-06-2024,10,5764,16
S00531,P0845,14-06-2024,5,330,17
S00532,P0412,15-06-2024,9,9639,21
S00533,P0690,16-06-2024,2,5425,12
S00534,P0137,17-06-2024,10,2656,25
S00535,P0066,18-06-2024,13,4768,16
S00536,P0558,19-06-2024,17,6220,19
S00537,P0491,20-06-2024,9,1899,14
S00538,P0195,21-06-2024,19,8932,22
S00539,P0845,22-06-2024,4,3485,7
S00540,P0408,23-06-2024,15,3232,12
S00541,P0765,24-06-2024,9,3462,25
S00542,P0628,25-06-2024,14,1047,4
S00543,P0825,26-06-2024,6,1826,21
S00544,P0549,27-06-2024,18,2166,9
S00545,P0155,28-06-2024,14,8450,19
S00546,P0846,29-06-2024,17,7995,14
S00547,P0212,30-06-2024,2,3405,16
S00548,P0983,01-07-2024,9,8102,8
S00549,P0761,02-07-2024,3,6023,24
S00550,P0434,03-07-2024,16,7950,7
S00551,P0424,04-07-2024,19,5788,25
S00552,P0773,05-07-2024,11,9053,19
S00553,P0171,06-07-2024,15,7556,25
S00554,P0257,07-07-2024,16,2957,28
S00555,P0762,08-07-2024,19,7634,23
S00556,P0378,09-07-2024,4,2385,29
S00557,P0733,10-07-2024,19,556,24
S00558,P0675,11-07-2024,18,7529,20
S00559,P0103,12-07-2024,4,3859,14
S00560,P0611,13-07-2024,14,2468,12
S00561,P0790,14-07-2024,9,1363,27
S00562,P0795,15-07-2024,18,4119,9
S00563,P0173,16-07-2024,3,5062,10
S00564,P0088,17-07-2024,14,8679,2
S00565,P0872,18-07-2024,2,3951,7
S00566,P0437,19-07-2024,5,4154,5
S00567,P0782,20-07-2024,4,4291,8
S00568,P0750,21-07-2024,5,1889,19
S00569,P0251,22-07-2024,19,7765,22
S00570,P0410,23-07-2024,18,6243,1
S00571,P0732,24-07-2024,9,4575,8
S00572,P0771,25-07-2024,12,4438,27
S00573,P0569,26-07-2024,8,7998,29
S00574,P0744,27-07-2024,3,1487,25
S00575,P0223,28-07-2024,10,3941,18
S00576,P0972,29-07-2024,11,5025,19
S00577,P0383,30-07-2024,17,6183,13
S00578,P0484,31-07-2024,4,5527,4
S00579,P0791,01-08-2024,19,3507,11
S00580,P0095,02-08-2024,10,8296,13
S00581,P0575,03-08-2024,1,5575,18
S00582,P0001,04-08-2024,13,2195,11
S00583,P0699,05-08-2024,16,6362,25
S00584,P0487,06-08-2024,8,9589,1
S00585,P0795,07-08-2024,18,1081,25
S00586,P0487,08-08-2024,7,1776,12
S00587,P0498,09-08-2024,5,2202,16
S00588,P0197,10-08-2024,16,3309,1
S00589,P0203,11-08-2024,8,6733,14
S00590,P0240,12-08-2024,4,4702,13
S00591,P0639,13-08-2024,11,7848,15
S00592,P0558,14-08-2024,14,6220,10
S00593,P0587,15-08-2024,13,6760,15
S00594,P0259,16-08-2024,7,2760,19
S00595,P0024,17-08-2024,9,4115,27
S00596,P0688,18-08-2024,12,7640,5
S00597,P0364,19-08-2024,11,7505,9
S00598,P0414,20-08-2024,16,4349,14
S00599,P0357,21-08-2024,18,1312,14
S00600,P0256,22-08-2024,4,307,12
S00601,P0564,23-08-2024,18,1180,23
S00602,P0521,24-08-2024,15,2169,0
S00603,P0390,25-08-2024,13,9904,21
S00604,P0306,26-08-2024,3,4344,3
S00605,P0949,27-08-2024,14,5840,4
S00606,P0869,28-08-2024,9,3625,10
S00607,P0407,29-08-2024,10,6080,25
S00608,P0084,30-08-2024,1,8922,21
S00609,P0443,31-08-2024,8,4957,22
S00610,P0158,01-09-2024,2,302,13
S00611,P0827,02-09-2024,18,3362,0
S00612,P0298,03-09-2024,9,408,17
S00613,P0691,04-09-2024,13,3102,19
S00614,P0634,05-09-2024,9,3123,15
S00615,P0526,06-09-2024,19,9680,12
S00616,P0039,07-09-2024,18,6279,27
S00617,P0521,08-09-2024,10,4935,10
S00618,P0131,09-09-2024,17,546,14
S00619,P0688,10-09-2024,10,827,22
S00620,P0536,11-09-2024,4,9768,20
S00621,P0692,12-09-2024,4,748,20
S00622,P0062,13-09-2024,15,3588,21
S00623,P0034,14-09-2024,5,9215,7
S00624,P0898,15-09-2024,18,4103,27
S00625,P0907,16-09-2024,17,1727,7
S00626,P0744,17-09-2024,1,4305,3
S00627,P0585,18-09-2024,2,5455,3
S00628,P0973,19-09-2024,6,2745,6
S00629,P0316,20-09-2024,1,1906,12
S00630,P0304,21-09-2024,17,6202,2
S00631,P0632,22-09-2024,5,5130,25
S00632,P0642,23-09-2024,2,5607,18
S00633,P0167,24-09-2024,8,9551,20
S00634,P0373,25-09-2024,14,6025,3
S00635,P0507,26-09-2024,15,1148,1
S00636,P0874,27-09-2024,15,1935,21
S00637,P0086,28-09-2024,13,8569,10
S00638,P0486,29-09-2024,18,9560,8
S00639,P0851,30-09-2024,11,3792,10
S00640,P0921,01-10-2024,10,7293,14
S00641,P0438,02-10-2024,4,3997,2
S00642,P0217,03-10-2024,13,6334,1
S00643,P0346,04-10-2024,17,346,3
S00644,P0485,05-10-2024,10,7207,4
S00645,P0155,06-10-2024,3,3939,7
S00646,P0739,07-10-2024,3,3797,3
S00647,P0311,08-10-2024,15,4557,6
S00648,P0520,09-10-2024,6,9355,8
S00649,P0011,10-10-2024,19,9771,15
S00650,P0408,11-10-2024,11,6861,28
S00651,P0824,12-10-2024,12,6164,13
S00652,P0017,13-10-2024,18,4680,24
S00653,P0034,14-10-2024,17,2790,18
S00654,P0662,15-10-2024,8,7603,8
S00655,P0960,16-10-2024,1,1157,12
S00656,P0252,17-10-2024,16,2658,21
S00657,P0075,18-10-2024,7,8679,11
S00658,P0314,19-10-2024,13,697,8
S00659,P0805,20-10-2024,10,6408,2
S00660,P0038,21-10-2024,14,7433,8
S00661,P0198,22-10-2024,19,8640,3
S00662,P0445,23-10-2024,11,3444,26
S00663,P0551,24-10-2024,13,1125,28
S00664,P0904,25-10-2024,15,4231,27
S00665,P0608,26-10-2024,2,158,14
S00666,P0082,27-10-2024,18,9029,5
S00667,P0420,28-10-2024,14,5991,30
S00668,P0263,29-10-2024,9,6393,11
S00669,P0187,30-10-2024,3,9224,5
S00670,P0013,31-10-2024,5,359,10
S00671,P0533,01-11-2024,9,5095,2
S00672,P0843,02-11-2024,10,8680,16
S00673,P0219,03-11-2024,1,1174,6
S00674,P0053,04-11-2024,5,4495,29
S00675,P0727,05-11-2024,14,2884,6
S00676,P0627,06-11-2024,5,7068,24
S00677,P0136,07-11-2024,11,6579,10
S00678,P0257,08-11-2024,9,6965,16
S00679,P0496,09-11-2024,1,8616,13
S00680,P0911,10-11-2024,7,9983,6
S00681,P0447,11-11-2024,3,7282,1
S00682,P0706,12-11-2024,15,1621,15
S00683,P0596,13-11-2024,7,3824,6
S00684,P0756,14-11-2024,14,4670,11
S00685,P0456,15-11-2024,4,7483,0
S00686,P0649,16-11-2024,1,9585,15
S00687,P0133,17-11-2024,10,8048,14
S00688,P0320,18-11-2024,11,6871,9
S00689,P0968,19-11-2024,15,6446,20
S00690,P0589,20-11-2024,16,5681,21
S00691,P0454,21-11-2024,12,4299,11
S00692,P0363,22-11-2024,19,4900,15
S00693,P0545,23-11-2024,7,4234,16
S00694,P0942,24-11-2024,10,2059,10
S00695,P0160,25-11-2024,15,1579,5
S00696,P0678,26-11-2024,11,5236,9
S00697,P0318,27-11-2024,15,3623,8
S00698,P0081,28-11-2024,13,9284,19
S00699,P0320,29-11-2024,1,4061,18
S00700,P0115,30-11-2024,14,1331,19
S00701,P0743,01-12-2024,14,4175,9
S00702,P0241,02-12-2024,13,4144,12
S00703,P0222,03-12-2024,5,9923,17
S00704,P0699,04-12-2024,4,5928,19
S00705,P0122,05-12-2024,15,5572,14
S00706,P0303,06-12-2024,2,4288,27
S00707,P0564,07-12-2024,18,1999,24
S00708,P0567,08-12-2024,12,7217,17
S00709,P0298,09-12-2024,14,5701,19
S00710,P0960,10-12-2024,10,7673,29
S00711,P0687,11-12-2024,12,6074,0
S00712,P0682,12-12-2024,12,6154,26
S00713,P0067,13-12-2024,12,5772,2
S00714,P0184,14-12-2024,11,8523,27
S00715,P0947,15-12-2024,7,3943,11
S00716,P0404,16-12-2024,2,414,21
S00717,P0277,17-12-2024,8,7849,23
S00718,P0881,18-12-2024,3,8198,21
S00719,P0361,19-12-2024,15,3100,3
S00720,P0833,20-12-2024,8,8602,15
S00721,P0287,21-12-2024,6,1160,9
S00722,P0695,22-12-2024,6,2221,11
S00723,P0239,23-12-2024,18,8811,30
S00724,P0367,24-12-2024,6,4729,20
S00725,P0922,25-12-2024,1,1419,25
S00726,P0884,26-12-2024,13,8421,23
S00727,P0908,27-12-2024,4,4788,15
S00728,P0486,28-12-2024,9,7406,13
S00729,P0288,29-12-2024,19,7249,30
S00730,P0099,30-12-2024,18,4729,27
S00731,P0156,31-12-2024,8,339,27
S00732,P0094,01-01-2025,17,9780,15
S00733,P0075,02-01-2025,1,369,5
S00734,P0784,03-01-2025,3,8184,18
S00735,P0539,04-01-2025,18,3475,21
S00736,P0324,05-01-2025,7,8030,15
S00737,P0802,06-01-2025,9,9785,10
S00738,P0753,07-01-2025,18,1435,6
S00739,P0046,08-01-2025,15,2448,3
S00740,P0492,09-01-2025,12,9483,16
S00741,P0551,10-01-2025,8,2529,18
S00742,P0043,11-01-2025,5,8914,0
S00743,P0576,12-01-2025,10,448,11
S00744,P0602,13-01-2025,4,6607,9
S00745,P0253,14-01-2025,6,7561,15
S00746,P0596,15-01-2025,3,411,0
S00747,P0979,16-01-2025,14,8437,20
S00748,P0803,17-01-2025,13,8306,26
S00749,P0362,18-01-2025,2,4655,18
S00750,P0187,19-01-2025,16,2773,4
S00751,P0146,20-01-2025,19,9292,7
S00752,P0856,21-01-2025,14,7577,26
S00753,P0925,22-01-2025,19,8637,9
S00754,P0157,23-01-2025,1,6387,14
S00755,P0707,24-01-2025,6,2251,14
S00756,P0620,25-01-2025,10,7141,9
S00757,P0430,26-01-2025,13,2455,4
S00758,P0800,27-01-2025,8,1033,18
S00759,P0944,28-01-2025,18,7039,6
S00760,P0982,29-01-2025,13,9875,21
S00761,P0903,30-01-2025,7,7224,0
S00762,P0786,31-01-2025,16,2638,28
S00763,P0127,01-02-2025,5,7750,3
S00764,P0185,02-02-2025,2,6130,25
S00765,P0092,03-02-2025,5,1263,14
S00766,P0236,04-02-2025,12,5376,21
S00767,P0067,05-02-2025,13,4955,4
S00768,P0973,06-02-2025,8,750,7
S00769,P0339,07-02-2025,14,538,1
S00770,P0199,08-02-2025,1,102,27
S00771,P0094,09-02-2025,13,874,3
S00772,P0420,10-02-2025,1,6407,20
S00773,P0090,11-02-2025,1,5037,25
S00774,P0961,12-02-2025,13,1457,27
S00775,P0385,13-02-2025,8,6682,22
S00776,P0538,14-02-2025,5,6781,6
S00777,P0224,15-02-2025,10,3429,13
S00778,P0862,16-02-2025,16,3601,15
S00779,P0254,17-02-2025,12,320,22
S00780,P0073,18-02-2025,6,3825,18
S00781,P0546,19-02-2025,12,2358,1
S00782,P0701,20-02-2025,11,6607,3
S00783,P0266,21-02-2025,12,7775,19
S00784,P0749,22-02-2025,10,9428,12
S00785,P0924,23-02-2025,7,6528,1
S00786,P0085,24-02-2025,8,6066,1
S00787,P0642,25-02-2025,13,559,9
S00788,P0789,26-02-2025,8,8616,14
S00789,P0176,27-02-2025,19,1749,10
S00790,P0266,28-02-2025,1,3785,16
S00791,P0581,01-03-2025,8,205,5
S00792,P0723,02-03-2025,19,275,7
S00793,P0893,03-03-2025,3,7729,12
S00794,P0884,04-03-2025,8,2023,10
S00795,P0654,05-03-2025,19,2110,10
S00796,P0654,06-03-2025,18,1616,3
S00797,P0239,07-03-2025,2,9740,13
S00798,P0331,08-03-2025,1,1969,24
S00799,P0097,09-03-2025,11,3069,14
S00800,P0229,10-03-2025,9,2280,15
S00801,P0828,11-03-2025,12,5787,22
S00802,P0082,12-03-2025,6,596,7
S00803,P0468,13-03-2025,8,1258,1
S00804,P0115,14-03-2025,5,9629,17
S00805,P0148,15-03-2025,12,632,1
S00806,P0635,16-03-2025,13,8706,11
S00807,P0699,17-03-2025,16,7603,1
S00808,P0305,18-03-2025,13,838,11
S00809,P0292,19-03-2025,14,8965,7
S00810,P0864,20-03-2025,9,4734,21
S00811,P0619,21-03-2025,10,5914,18
S00812,P0506,22-03-2025,2,8670,29
S00813,P0039,23-03-2025,2,3761,11
S00814,P0601,24-03-2025,2,8436,10
S00815,P0202,25-03-2025,2,3966,29
S00816,P0996,26-03-2025,2,5610,11
S00817,P0984,27-03-2025,9,5713,0
S00818,P0383,28-03-2025,1,6499,19
S00819,P0961,29-03-2025,15,1578,13
S00820,P0998,30-03-2025,12,8336,26
S00821,P0982,31-03-2025,5,219,15
S00822,P0300,01-04-2025,14,2651,30
S00823,P0952,02-04-2025,6,6878,16
S00824,P0301,03-04-2025,3,6650,2
S00825,P0334,04-04-2025,19,6124,16
S00826,P0494,05-04-2025,1,2685,28
S00827,P0536,06-04-2025,1,1618,13
S00828,P0035,07-04-2025,4,7270,11
S00829,P0366,08-04-2025,13,2196,6
S00830,P0660,09-04-2025,5,6450,23
S00831,P0844,10-04-2025,7,9814,13
S00832,P0467,11-04-2025,15,9678,28
S00833,P0555,12-04-2025,8,7638,8
S00834,P0744,13-04-2025,17,9652,5
S00835,P0962,14-04-2025,11,3231,8
S00836,P0892,15-04-2025,8,6718,2
S00837,P0769,16-04-2025,14,6459,6
S00838,P0073,17-04-2025,19,1435,24
S00839,P0576,18-04-2025,4,2890,23
S00840,P1000,19-04-2025,6,4048,8
S00841,P0630,20-04-2025,4,7251,26
S00842,P0537,21-04-2025,13,6941,23
S00843,P0715,22-04-2025,8,4831,24
S00844,P0549,23-04-2025,16,9243,14
S00845,P0822,24-04-2025,17,2709,19
S00846,P0250,25-04-2025,1,9525,23
S00847,P0937,26-04-2025,16,4115,22
S00848,P0006,27-04-2025,19,6631,29
S00849,P0520,28-04-2025,19,4529,2
S00850,P0874,29-04-2025,19,2711,27
S00851,P0087,30-04-2025,16,3580,26
S00852,P0761,01-05-2025,15,1100,1
S00853,P0884,02-05-2025,14,376,12
S00854,P0901,03-05-2025,8,4372,16
S00855,P0518,04-05-2025,5,6330,19
S00856,P0370,05-05-2025,18,7338,23
S00857,P0922,06-05-2025,17,7191,19
S00858,P0586,07-05-2025,14,2426,18
S00859,P0006,08-05-2025,14,4600,14
S00860,P0640,09-05-2025,19,8307,23
S00861,P0601,10-05-2025,3,7415,4
S00862,P0912,11-05-2025,7,1656,25
S00863,P0306,12-05-2025,13,3656,14
S00864,P0853,13-05-2025,12,9389,2
S00865,P0332,14-05-2025,15,7588,12
S00866,P0211,15-05-2025,8,7065,16
S00867,P0143,16-05-2025,10,9120,18
S00868,P0536,17-05-2025,7,5133,28
S00869,P0068,18-05-2025,11,5997,2
S00870,P0670,19-05-2025,7,8336,14
S00871,P0351,20-05-2025,3,1609,27
S00872,P0957,21-05-2025,13,3309,27
S00873,P0422,22-05-2025,1,9659,22
S00874,P0381,23-05-2025,7,1536,21
S00875,P0529,24-05-2025,16,6528,9
S00876,P0685,25-05-2025,14,8976,18
S00877,P0616,26-05-2025,10,5455,2
S00878,P0940,27-05-2025,1,9442,3
S00879,P0915,28-05-2025,7,2082,7
S00880,P0791,29-05-2025,19,4041,27
S00881,P0964,30-05-2025,14,6009,6
S00882,P0136,31-05-2025,5,4560,24
S00883,P0679,01-06-2025,16,9801,28
S00884,P0553,02-06-2025,18,2205,22
S00885,P0236,03-06-2025,19,242,6
S00886,P0610,04-06-2025,14,7010,4
S00887,P0116,05-06-2025,15,6799,8
S00888,P0728,06-06-2025,16,3863,17
S00889,P0306,07-06-2025,9,5730,26
S00890,P0431,08-06-2025,8,3058,12
S00891,P0729,09-06-2025,7,8178,11
S00892,P0263,10-06-2025,8,5103,22
S00893,P0864,11-06-2025,3,4204,7
S00894,P0546,12-06-2025,11,1546,18
S00895,P0151,13-06-2025,15,9727,9
S00896,P0277,14-06-2025,16,2950,25
S00897,P0199,15-06-2025,2,7221,29
S00898,P0820,16-06-2025,15,2217,11
S00899,P0752,17-06-2025,10,4477,9
S00900,P0365,18-06-2025,12,7897,29
S00901,P0660,19-06-2025,18,9534,22
S00902,P0205,20-06-2025,5,2773,8
S00903,P0180,21-06-2025,13,803,5
S00904,P0997,22-06-2025,4,4935,24
S00905,P0838,23-06-2025,15,1596,25
S00906,P0168,24-06-2025,4,9220,10
S00907,P0898,25-06-2025,2,4760,6
S00908,P0706,26-06-2025,5,1088,13
S00909,P0977,27-06-2025,2,9840,19
S00910,P0830,28-06-2025,18,557,17
S00911,P0443,29-06-2025,4,8308,19
S00912,P0702,30-06-2025,8,8351,9
S00913,P0746,01-07-2025,8,4817,23
S00914,P0624,02-07-2025,8,4985,25
S00915,P0069,03-07-2025,18,544,8
S00916,P0339,04-07-2025,7,3372,18
S00917,P0365,05-07-2025,18,9063,21
S00918,P0522,06-07-2025,18,6958,20
S00919,P0918,07-07-2025,1,8201,8
S00920,P0599,08-07-2025,17,8000,4
S00921,P0555,09-07-2025,19,927,26
S00922,P0784,10-07-2025,1,2187,8
S00923,P0400,11-07-2025,7,5798,22
S00924,P0477,12-07-2025,13,2640,27
S00925,P0609,13-07-2025,12,4900,11
S00926,P0435,14-07-2025,17,7869,6
S00927,P0698,15-07-2025,3,4682,20
S00928,P0399,16-07-2025,2,3812,20
S00929,P0071,17-07-2025,4,3915,10
S00930,P0234,18-07-2025,9,9897,1
S00931,P0006,19-07-2025,19,6904,27
S00932,P0474,20-07-2025,3,6924,6
S00933,P0448,21-07-2025,12,2753,15
S00934,P0535,22-07-2025,6,5288,29
S00935,P0689,23-07-2025,19,7883,11
S00936,P0359,24-07-2025,4,3155,21
S00937,P0620,25-07-2025,11,6822,14
S00938,P0628,26-07-2025,7,1041,2
S00939,P0646,27-07-2025,11,3188,15
S00940,P0031,28-07-2025,14,9043,6
S00941,P0939,29-07-2025,18,6374,20
S00942,P0149,30-07-2025,7,4014,2
S00943,P0835,31-07-2025,16,4040,12
S00944,P0642,01-08-2025,1,8857,6
S00945,P0912,02-08-2025,10,4576,3
S00946,P0230,03-08-2025,1,7938,1
S00947,P0039,04-08-2025,2,2001,23
S00948,P0208,05-08-2025,18,9809,23
S00949,P0310,06-08-2025,11,7826,12
S00950,P0921,07-08-2025,12,7782,24
S00951,P0828,08-08-2025,5,6324,14
S00952,P0641,09-08-2025,16,8312,30
S00953,P0961,10-08-2025,6,5107,3
S00954,P0162,11-08-2025,15,8487,13
S00955,P0110,12-08-2025,4,3835,20
S00956,P0819,13-08-2025,2,650,26
S00957,P0288,14-08-2025,9,7455,28
S00958,P0581,15-08-2025,18,5990,5
S00959,P0102,16-08-2025,2,8920,23
S00960,P0759,17-08-2025,6,2724,4
S00961,P0486,18-08-2025,3,8258,26
S00962,P0706,19-08-2025,17,6044,9
S00963,P0353,20-08-2025,3,8723,5
S00964,P0081,21-08-2025,11,9185,17
S00965,P0528,22-08-2025,4,7772,28
S00966,P0690,23-08-2025,5,7661,1
S00967,P0761,24-08-2025,7,688,17
S00968,P0837,25-08-2025,17,2728,14
S00969,P0731,26-08-2025,7,7048,7
S00970,P0676,27-08-2025,16,5397,17
S00971,P0497,28-08-2025,12,1806,25
S00972,P0109,29-08-2025,19,3376,18
S00973,P0302,30-08-2025,12,1986,21
S00974,P0944,31-08-2025,11,187,10
S00975,P0116,01-09-2025,8,7589,3
S00976,P0661,02-09-2025,13,3186,11
S00977,P0408,03-09-2025,13,615,19
S00978,P0137,04-09-2025,16,4836,4
S00979,P0642,05-09-2025,9,4184,8
S00980,P0988,06-09-2025,13,5260,13
S00981,P0304,07-09-2025,16,7105,10
S00982,P0949,08-09-2025,9,7310,6
S00983,P0118,09-09-2025,8,8771,25
S00984,P0697,10-09-2025,4,432,30
S00985,P0304,11-09-2025,2,8404,18
S00986,P0752,12-09-2025,9,3146,2
S00987,P0175,13-09-2025,5,1746,8
S00988,P0942,14-09-2025,13,3942,22
S00989,P0522,15-09-2025,17,3940,6
S00990,P0671,16-09-2025,10,7115,6
S00991,P0296,17-09-2025,13,3534,19
S00992,P0597,18-09-2025,19,3508,21
S00993,P0527,19-09-2025,1,2052,22
S00994,P0327,20-09-2025,14,3228,2
S00995,P0520,21-09-2025,7,7275,2
S00996,P0663,22-09-2025,15,7159,27
S00997,P0592,23-09-2025,6,7616,27
S00998,P0418,24-09-2025,1,827,2
S00999,P0176,25-09-2025,7,2270,4
S01000,P0143,26-09-2025,16,9627,5
